# date	front	securityID	traded_qty   (from volstats: summed lastQty, outrights only)
20250101	NQH5	42288528	6499
20250102	NQH5	42288528	660523
20250103	NQH5	42288528	477950
20250105	NQH5	42288528	4789
20250106	NQH5	42288528	563668
20250107	NQH5	42288528	638273
20250108	NQH5	42288528	628782
20250109	NQH5	42288528	81698
20250110	NQH5	42288528	688444
20250112	NQH5	42288528	8170
20250113	NQH5	42288528	610967
20250114	NQH5	42288528	665130
20250115	NQH5	42288528	548734
20250116	NQH5	42288528	591488
20250117	NQH5	42288528	579529
20250119	NQH5	42288528	7970
20250120	NQH5	42288528	153745
20250121	NQH5	42288528	504016
20250122	NQH5	42288528	487755
20250123	NQH5	42288528	468164
20250124	NQH5	42288528	519701
20250126	NQH5	42288528	23644
20250127	NQH5	42288528	1031504
20250128	NQH5	42288528	647137
20250129	NQH5	42288528	634736
20250130	NQH5	42288528	616107
20250131	NQH5	42288528	641933
20250202	NQH5	42288528	27990
20250203	NQH5	42288528	703448
20250204	NQH5	42288528	494693
20250205	NQH5	42288528	494736
20250206	NQH5	42288528	439931
20250207	NQH5	42288528	591611
20250209	NQH5	42288528	12378
20250210	NQH5	42288528	381683
20250211	NQH5	42288528	421123
20250212	NQH5	42288528	545316
20250213	NQH5	42288528	534696
20250214	NQH5	42288528	426787
20250216	NQH5	42288528	12960
20250217	NQH5	42288528	93020
20250218	NQH5	42288528	461441
20250219	NQH5	42288528	495929
20250220	NQH5	42288528	560190
20250221	NQH5	42288528	699022
20250223	NQH5	42288528	11788
20250224	NQH5	42288528	661160
20250225	NQH5	42288528	791993
20250226	NQH5	42288528	650733
20250227	NQH5	42288528	854224
20250228	NQH5	42288528	826023
20250302	NQH5	42288528	14563
20250303	NQH5	42288528	832209
20250304	NQH5	42288528	941430
20250305	NQH5	42288528	774994
20250306	NQH5	42288528	757897
20250307	NQH5	42288528	750277
20250309	NQH5	42288528	19764
20250310	NQH5	42288528	787146
20250311	NQH5	42288528	829727
20250312	NQH5	42288528	687550
20250313	NQH5	42288528	737964
20250314	NQH5	42288528	676411
20250316	NQH5	42288528	15399
20250317	NQH5	42288528	393206
20250318	NQM5	42005804	469323
20250319	NQM5	42005804	515297
20250320	NQM5	42005804	571881
20250321	NQM5	42005804	590412
20250323	NQM5	42005804	24890
20250324	NQM5	42005804	532037
20250325	NQM5	42005804	470049
20250326	NQM5	42005804	628182
20250327	NQM5	42005804	617999
20250328	NQM5	42005804	680478
20250330	NQM5	42005804	25396
20250331	NQM5	42005804	824408
20250401	NQM5	42005804	786762
20250402	NQM5	42005804	864765
20250403	NQM5	42005804	846463
20250404	NQM5	42005804	1166118
20250406	NQM5	42005804	55739
20250407	NQM5	42005804	1086875
20250408	NQM5	42005804	957630
20250409	NQM5	42005804	1050475
20250410	NQM5	42005804	957486
20250411	NQM5	42005804	650025
20250413	NQM5	42005804	26704
20250414	NQM5	42005804	550715
20250415	NQM5	42005804	531437
20250416	NQM5	42005804	673156
20250417	NQM5	42005804	613310
20250420	NQM5	42005804	8479
20250421	NQM5	42005804	478490
20250422	NQM5	42005804	635116
20250423	NQM5	42005804	706858
20250424	NQM5	42005804	594812
20250425	NQM5	42005804	572555
20250427	NQM5	42005804	10045
20250428	NQM5	42005804	507309
20250429	NQM5	42005804	563891
20250430	NQM5	42005804	722170
20250501	NQM5	42005804	572509
20250502	NQM5	42005804	502209
20250504	NQM5	42005804	13175
20250505	NQM5	42005804	403329
20250506	NQM5	42005804	534123
20250507	NQM5	42005804	569589
20250508	NQM5	42005804	564251
20250509	NQM5	42005804	440936
20250511	NQM5	42005804	21036
20250512	NQM5	42005804	617455
20250513	NQM5	42005804	520868
20250514	NQM5	42005804	507151
20250515	NQM5	42005804	536088
20250516	NQM5	42005804	403133
20250518	NQM5	42005804	18598
20250519	NQM5	42005804	499497
20250520	NQM5	42005804	434963
20250521	NQM5	42005804	601669
20250522	NQM5	42005804	510812
20250523	NQM5	42005804	512924
20250525	NQM5	42005804	17106
20250526	NQM5	42005804	79994
20250527	NQM5	42005804	438248
20250528	NQM5	42005804	446811
20250529	NQM5	42005804	536962
20250530	NQM5	42005804	534512
20250601	NQM5	42005804	10796
20250602	NQM5	42005804	431298
20250603	NQM5	42005804	417787
20250604	NQM5	42005804	398381
20250605	NQM5	42005804	589877
20250606	NQM5	42005804	452215
20250608	NQM5	42005804	10529
20250609	NQM5	42005804	347024
20250610	NQM5	42005804	436948
20250611	NQM5	42005804	511295
20250612	NQM5	42005804	381631
20250613	NQM5	42005804	479712
20250615	NQM5	42005804	10232
20250616	NQU5	42008487	271780
20250617	NQU5	42008487	397034
20250618	NQU5	42008487	437323
20250619	NQU5	42008487	125570
20250620	NQU5	42008487	504219
20250622	NQU5	42008487	20319
20250623	NQU5	42008487	546701
20250624	NQU5	42008487	430967
20250625	NQU5	42008487	393706
20250626	NQU5	42008487	407909
20250627	NQU5	42008487	465793
20250629	NQU5	42008487	13097
20250630	NQU5	42008487	420866
20250701	NQU5	42008487	487132
20250702	NQU5	42008487	402251
20250703	NQU5	42008487	268078
20250704	NQU5	42008487	67530
20250706	NQU5	42008487	11841
20250707	NQU5	42008487	457781
20250708	NQU5	42008487	417098
20250709	NQU5	42008487	449801
20250710	NQU5	42008487	389692
20250711	NQU5	42008487	454293
20250713	NQU5	42008487	17349
20250714	NQU5	42008487	400069
20250715	NQU5	42008487	527533
20250716	NQU5	42008487	540204
20250717	NQU5	42008487	441917
20250718	NQU5	42008487	433275
20250720	NQU5	42008487	8172
20250721	NQU5	42008487	388591
20250722	NQU5	42008487	545155
20250723	NQU5	42008487	504160
20250724	NQU5	42008487	432763
20250725	NQU5	42008487	386629
20250727	NQU5	42008487	12792
20250728	NQU5	42008487	415044
20250729	NQU5	42008487	534375
20250730	NQU5	42008487	537634
20250731	NQU5	42008487	739900
20250801	NQU5	42008487	778077
20250803	NQU5	42008487	18927
20250804	NQU5	42008487	455971
20250805	NQU5	42008487	545253
20250806	NQU5	42008487	524200
20250807	NQU5	42008487	553898
20250808	NQU5	42008487	441093
20250810	NQU5	42008487	9595
20250811	NQU5	42008487	439173
20250812	NQU5	42008487	485497
20250813	NQU5	42008487	450446
20250814	NQU5	42008487	490018
20250815	NQU5	42008487	431475
20250817	NQU5	42008487	6931
20250818	NQU5	42008487	397376
20250819	NQU5	42008487	556566
20250820	NQU5	42008487	707262
20250821	NQU5	42008487	521614
20250822	NQU5	42008487	477971
20250824	NQU5	42008487	10139
20250825	NQU5	42008487	394216
20250826	NQU5	42008487	439211
20250827	NQU5	42008487	435948
20250828	NQU5	42008487	478435
20250829	NQU5	42008487	526069
20250831	NQU5	42008487	8044
20250901	NQU5	42008487	87651
20250902	NQU5	42008487	656209
20250903	NQU5	42008487	556443
20250904	NQU5	42008487	479401
20250905	NQU5	42008487	659298
20250907	NQU5	42008487	14958
20250908	NQU5	42008487	445087
20250909	NQU5	42008487	471668
20250910	NQU5	42008487	512069
20250911	NQU5	42008487	432198
20250912	NQU5	42008487	378398
20250914	NQU5	42008487	4957
20250915	NQZ5	158704	219546
20250916	NQZ5	158704	322563
20250917	NQZ5	158704	559336
20250918	NQZ5	158704	519719
20250919	NQZ5	158704	476527
20250921	NQZ5	158704	8268
20250922	NQZ5	158704	470700
20250923	NQZ5	158704	553052
20250924	NQZ5	158704	524304
20250925	NQZ5	158704	695894
20250926	NQZ5	158704	539506
20250928	NQZ5	158704	9044
20250929	NQZ5	158704	501489
20250930	NQZ5	158704	511449
20251001	NQZ5	158704	465187
20251002	NQZ5	158704	456288
20251003	NQZ5	158704	480009
20251005	NQZ5	158704	9605
20251006	NQZ5	158704	411928
20251007	NQZ5	158704	536307
20251008	NQZ5	158704	440102
20251009	NQZ5	158704	496273
20251010	NQZ5	158704	914494
20251012	NQZ5	158704	37493
20251013	NQZ5	158704	623011
20251014	NQZ5	158704	728600
20251015	NQZ5	158704	627477
20251016	NQZ5	158704	738792
20251017	NQZ5	158704	723123
20251019	NQZ5	158704	11596
20251020	NQZ5	158704	428169
20251021	NQZ5	158704	435136
20251022	NQZ5	158704	691002
20251023	NQZ5	158704	520942
20251024	NQZ5	158704	457450
20251026	NQZ5	158704	15745
20251027	NQZ5	158704	416625
20251028	NQZ5	158704	443918
20251029	NQZ5	158704	561744
20251030	NQZ5	158704	657247
20251031	NQZ5	158704	583134
20251102	NQZ5	158704	7512
20251103	NQZ5	158704	467246
20251104	NQZ5	158704	668362
20251105	NQZ5	158704	613724
20251106	NQZ5	158704	750946
20251107	NQZ5	158704	752884
20251109	NQZ5	158704	10434
20251110	NQZ5	158704	608676
20251111	NQZ5	158704	527927
20251112	NQZ5	158704	612715
20251113	NQZ5	158704	764219
20251114	NQZ5	158704	846434
20251116	NQZ5	158704	12063
20251117	NQZ5	158704	731080
20251118	NQZ5	158704	868222
20251119	NQZ5	158704	775050
20251120	NQZ5	158704	984917
20251121	NQZ5	158704	894331
20251123	NQZ5	158704	9471
20251124	NQZ5	158704	594279
20251125	NQZ5	158704	621721
20251126	NQZ5	158704	515119
20251127	NQZ5	158704	47689
20251128	NQZ5	158704	146802
20251130	NQZ5	158704	11472
20251201	NQZ5	158704	566167
20251202	NQZ5	158704	556846
20251203	NQZ5	158704	489461
20251204	NQZ5	158704	508726
20251205	NQZ5	158704	488003
20251207	NQZ5	158704	5057
20251208	NQZ5	158704	471642
20251209	NQZ5	158704	401061
20251210	NQZ5	158704	543757
20251211	NQZ5	158704	620418
20251212	NQZ5	158704	685435
20251214	NQZ5	158704	6853
20251215	NQH6	42002475	306934
20251216	NQH6	42002475	549326
20251217	NQH6	42002475	632967
20251218	NQH6	42002475	666698
20251219	NQH6	42002475	483532
20251221	NQH6	42002475	8137
20251222	NQH6	42002475	358177
20251223	NQH6	42002475	332295
20251224	NQH6	42002475	158300
20251225	NQH6	42002475	2680
20251226	NQH6	42002475	234426
20251228	NQH6	42002475	4149
20251229	NQH6	42002475	343898
20251230	NQH6	42002475	298315
20251231	NQH6	42002475	317416
